Course_ID,Section_ID,Title,Details,Meetings_Days,Meetings_Time,Term_Dates,Instructor,Instructor_last,CU,Starting_Time,Term,base_course_quality,base_instructor_quality,base_difficulty,base_work_required,review_rCourseQuality,review_rInstructorQuality,review_rDifficulty,review_rWorkRequired
ACCT-6130,ACCT-6130‐001,Fundamentals of Financial and Managerial Accounting,Cannot be taken Pass/Fail.,MW,8:30a - 9:59a,"Full, 20 Jan - 23 Apr",Lane,Lane,1.0,8:30a,Full,2.824,3.152,2.877,2.625,2.8608000000000002,3.2611999999999997,3.2108000000000003,3.0384
ACCT-6130,ACCT-6130‐002,Fundamentals of Financial and Managerial Accounting,Cannot be taken Pass/Fail.,MW,10:15a - 11:44a,"Full, 20 Jan - 23 Apr",Lane,Lane,1.0,10:15a,Full,2.824,3.152,2.877,2.625,2.8608000000000002,3.2611999999999997,3.2108000000000003,3.0384
ACCT-6130,ACCT-6130‐003,Fundamentals of Financial and Managerial Accounting,Cannot be taken Pass/Fail.,MW,10:15a - 11:44a,"Full, 20 Jan - 23 Apr",Zhu,Zhu,1.0,10:15a,Full,2.824,3.152,2.877,2.625,,,,
ACCT-6130,ACCT-6130‐004,Fundamentals of Financial and Managerial Accounting,Cannot be taken Pass/Fail.,MW,12:00p - 1:29p,"Full, 20 Jan - 23 Apr",Zhu,Zhu,1.0,12:00p,Full,2.824,3.152,2.877,2.625,,,,
ACCT-7060,ACCT-7060‐002,Cost Management,,TR,12:00p - 1:29p,"Q2, 16 Mar - 23 Apr",Ittner,Ittner,0.5,12:00p,Q2,2.98,3.282,2.365,2.242,2.98,3.2820000000000005,2.3651999999999993,2.242
ACCT-7420,ACCT-7420‐401,Financial Reporting and Business Analysis,,TR,3:30p - 4:59p,"Full, 20 Jan - 23 Apr",Fischer,Fischer,1.0,3:30p,Full,2.841,2.967,2.952,2.707,2.9590000000000005,3.0993333333333335,3.128666666666666,2.991333333333333
ACCT-7430,ACCT-7430‐401,"Accounting for Mergers, Acquisitions and Complex Financial Structures",,TR,10:15a - 11:44a,"Full, 20 Jan - 23 Apr",Fischer,Fischer,1.0,10:15a,Full,2.87,2.912,3.49,3.175,3.3533333333333335,3.5933333333333333,3.2933333333333334,2.6199999999999997
ACCT-7470,ACCT-7470‐001,Financial Disclosure Analytics,,TR,8:30a - 9:59a,"Full, 20 Jan - 23 Apr",Bushee,Bushee,1.0,8:30a,Full,3.283,3.702,1.83,1.833,3.2831034482758623,3.7024137931034478,1.8296551724137935,1.8327586206896551
ACCT-7470,ACCT-7470‐002,Financial Disclosure Analytics,,TR,10:15a - 11:44a,"Full, 20 Jan - 23 Apr",Bushee,Bushee,1.0,10:15a,Full,3.283,3.702,1.83,1.833,3.2831034482758623,3.7024137931034478,1.8296551724137935,1.8327586206896551
ACCT-7900,ACCT-7900‐401,Accounting for Entrepreneurs,,TR,10:15a - 11:44a,"Full, 20 Jan - 23 Apr",Ittner,Ittner,1.0,10:15a,Full,2.67,2.96,2.29,1.84,2.67,2.96,2.29,1.84
ACCT-7970,ACCT-7970‐401FNCE-7970‐401,Taxes and Business Strategy,,MW,8:30a - 9:59a,"Full, 20 Jan - 23 Apr",Blouin,Blouin,1.0,8:30a,Full,3.21,3.445,3.54,2.845,3.21,3.4450000000000003,3.54,2.8449999999999998
ACCT-7970,ACCT-7970‐402FNCE-7970‐402,Taxes and Business Strategy,,MW,10:15a - 11:44a,"Full, 20 Jan - 23 Apr",Blouin,Blouin,1.0,10:15a,Full,3.21,3.445,3.54,2.845,3.21,3.4450000000000003,3.54,2.8449999999999998
BEPP-6200,BEPP-6200‐001,"Behavioral Economics, Markets and Public Policy",Cannot be taken Pass/Fail.,MW,1:45p - 3:14p,"Full, 20 Jan - 23 Apr",Kessler,Kessler,1.0,1:45p,Full,3.116,3.514,2.227,1.999,3.095,3.4933333333333336,2.19,2.0066666666666664
BEPP-7640,BEPP-7640‐403ACCT-7640‐403,Climate and Financial Markets,,TR,10:15a - 11:44a,"Full, 20 Jan - 23 Apr",Van Benthem,Benthem,1.0,10:15a,Full,3.2,3.547,2.437,2.503,3.2000000000000006,3.61,2.436666666666667,2.5033333333333334
BEPP-7640,BEPP-7640‐403ACCT-7640‐403,Climate and Financial Markets,,TR,10:15a - 11:44a,"Full, 20 Jan - 23 Apr",Heinle,Heinle,1.0,10:15a,Full,3.2,3.547,2.437,2.503,3.2000000000000006,3.483333333333334,2.436666666666667,2.5033333333333334
BEPP-7640,BEPP-7640‐404ACCT-7640‐404,Climate and Financial Markets,,TR,12:00p - 1:29p,"Full, 20 Jan - 23 Apr",Van Benthem,Benthem,1.0,12:00p,Full,3.2,3.547,2.437,2.503,3.2000000000000006,3.61,2.436666666666667,2.5033333333333334
BEPP-7640,BEPP-7640‐404ACCT-7640‐404,Climate and Financial Markets,,TR,12:00p - 1:29p,"Full, 20 Jan - 23 Apr",Heinle,Heinle,1.0,12:00p,Full,3.2,3.547,2.437,2.503,3.2000000000000006,3.483333333333334,2.436666666666667,2.5033333333333334
BEPP-7700,BEPP-7700‐001,American Public Policy through an Economic Lens,,MW,12:00p - 1:29p,"Full, 20 Jan - 23 Apr",Selman,Selman,1.0,12:00p,Full,2.586,2.859,2.54,2.342,2.52,2.7833333333333337,2.526666666666667,2.0733333333333337
BEPP-7890,BEPP-7890‐001,"Economic Globalization: Policy, History and Contemporary Issues",,MW,10:15a - 11:44a,"Full, 20 Jan - 23 Apr",Kaya Orloff,Orloff,1.0,10:15a,Full,3.032,3.065,2.594,2.549,3.345,3.455,2.7750000000000004,2.5975
BEPP-8050,BEPP-8050‐401OIDD-8050‐401,Risk Management,,TR,10:15a - 11:44a,"Full, 20 Jan - 23 Apr",Selman,Selman,1.0,10:15a,Full,2.158,2.527,2.644,1.992,2.424166666666667,2.9250000000000003,2.9283333333333332,2.1533333333333333
FNCE-6110,FNCE-6110‐001,Corporate Finance,Cannot be taken Pass/Fail.,MW,8:30a - 9:59a,"Full, 20 Jan - 23 Apr",Indarte,Indarte,1.0,8:30a,Full,2.799,2.976,2.834,2.579,2.249166666666667,2.6358333333333333,2.815,2.4783333333333335
FNCE-6110,FNCE-6110‐001,Corporate Finance,Cannot be taken Pass/Fail.,MW,8:30a - 9:59a,"Full, 20 Jan - 23 Apr",Drechsler,Drechsler,1.0,8:30a,Full,2.799,2.976,2.834,2.579,,,,
FNCE-6110,FNCE-6110‐002,Corporate Finance,Cannot be taken Pass/Fail.,MW,10:15a - 11:44a,"Full, 20 Jan - 23 Apr",Indarte,Indarte,1.0,10:15a,Full,2.799,2.976,2.834,2.579,2.249166666666667,2.6358333333333333,2.815,2.4783333333333335
FNCE-6110,FNCE-6110‐002,Corporate Finance,Cannot be taken Pass/Fail.,MW,10:15a - 11:44a,"Full, 20 Jan - 23 Apr",Drechsler,Drechsler,1.0,10:15a,Full,2.799,2.976,2.834,2.579,,,,
FNCE-6110,FNCE-6110‐003,Corporate Finance,Cannot be taken Pass/Fail.,MW,1:45p - 3:14p,"Full, 20 Jan - 23 Apr",Indarte,Indarte,1.0,1:45p,Full,2.799,2.976,2.834,2.579,2.249166666666667,2.6358333333333333,2.815,2.4783333333333335
FNCE-6110,FNCE-6110‐003,Corporate Finance,Cannot be taken Pass/Fail.,MW,1:45p - 3:14p,"Full, 20 Jan - 23 Apr",Drechsler,Drechsler,1.0,1:45p,Full,2.799,2.976,2.834,2.579,,,,
FNCE-6110,FNCE-6110‐004,Corporate Finance,Cannot be taken Pass/Fail.,MW,3:30p - 4:59p,"Full, 20 Jan - 23 Apr",Indarte,Indarte,1.0,3:30p,Full,2.799,2.976,2.834,2.579,2.249166666666667,2.6358333333333333,2.815,2.4783333333333335
FNCE-6110,FNCE-6110‐004,Corporate Finance,Cannot be taken Pass/Fail.,MW,3:30p - 4:59p,"Full, 20 Jan - 23 Apr",Drechsler,Drechsler,1.0,3:30p,Full,2.799,2.976,2.834,2.579,,,,
FNCE-6130,FNCE-6130‐001,Macroeconomics and the Global Economic Environment,Cannot be taken Pass/Fail.,TR,8:30a - 9:59a,"Full, 20 Jan - 23 Apr",Abel,Abel,1.0,8:30a,Full,2.39,2.623,2.77,2.377,2.4824999999999995,2.9043750000000004,2.9374999999999996,2.5021875000000002
FNCE-6130,FNCE-6130‐002,Macroeconomics and the Global Economic Environment,Cannot be taken Pass/Fail.,TR,10:15a - 11:44a,"Full, 20 Jan - 23 Apr",Abel,Abel,1.0,10:15a,Full,2.39,2.623,2.77,2.377,2.4824999999999995,2.9043750000000004,2.9374999999999996,2.5021875000000002
FNCE-6210,FNCE-6210‐001,Corporate Finance (Half CU),Cannot be taken Pass/Fail.,MW,8:30a - 9:59a,"Q1, 20 Jan - 2 Mar",Drechsler,Drechsler,0.5,8:30a,Q1,3.0,3.4,2.44,2.22,,,,
FNCE-6210,FNCE-6210‐002,Corporate Finance (Half CU),Cannot be taken Pass/Fail.,MW,10:15a - 11:44a,"Q1, 20 Jan - 2 Mar",Drechsler,Drechsler,0.5,10:15a,Q1,3.0,3.4,2.44,2.22,,,,
FNCE-6210,FNCE-6210‐003,Corporate Finance (Half CU),Cannot be taken Pass/Fail.,MW,1:45p - 3:14p,"Q1, 20 Jan - 2 Mar",Drechsler,Drechsler,0.5,1:45p,Q1,3.0,3.4,2.44,2.22,,,,
FNCE-6210,FNCE-6210‐004,Corporate Finance (Half CU),Cannot be taken Pass/Fail.,MW,3:30p - 4:59p,"Q1, 20 Jan - 2 Mar",Drechsler,Drechsler,0.5,3:30p,Q1,3.0,3.4,2.44,2.22,,,,
FNCE-6230,FNCE-6230‐001,Macroeconomics and The Global Economic Environment (Half CU),Cannot be taken Pass/Fail.,MW,8:30a - 9:59a,"Q1, 20 Jan - 2 Mar",Landry,Landry,0.5,8:30a,Q1,2.221,2.639,2.745,1.98,2.439375,2.9306250000000005,2.716875,1.9337499999999999
FNCE-6230,FNCE-6230‐003,Macroeconomics and The Global Economic Environment (Half CU),Cannot be taken Pass/Fail.,MW,10:15a - 11:44a,"Q1, 20 Jan - 2 Mar",Landry,Landry,0.5,10:15a,Q1,2.221,2.639,2.745,1.98,2.439375,2.9306250000000005,2.716875,1.9337499999999999
FNCE-6230,FNCE-6230‐005,Macroeconomics and The Global Economic Environment (Half CU),Cannot be taken Pass/Fail.,MW,1:45p - 3:14p,"Q1, 20 Jan - 2 Mar",Landry,Landry,0.5,1:45p,Q1,2.221,2.639,2.745,1.98,2.439375,2.9306250000000005,2.716875,1.9337499999999999
FNCE-6230,FNCE-6230‐007,Macroeconomics and The Global Economic Environment (Half CU),Cannot be taken Pass/Fail.,MW,3:30p - 4:59p,"Q1, 20 Jan - 2 Mar",Landry,Landry,0.5,3:30p,Q1,2.221,2.639,2.745,1.98,2.439375,2.9306250000000005,2.716875,1.9337499999999999
FNCE-7070,FNCE-7070‐001,Valuation,Cannot be taken Pass/Fail. First class attendance mandatory. Enrolled students who miss the first class will be automatically dropped. Waitlist will shut down at first class,MW,1:45p - 3:14p,"Full, 20 Jan - 23 Apr",Huber,Huber,1.0,1:45p,Full,3.006,3.202,3.232,3.334,2.265,2.45,3.2775000000000003,3.4725
FNCE-7070,FNCE-7070‐002,Valuation,Cannot be taken Pass/Fail. First class attendance mandatory. Enrolled students who miss the first class will be automatically dropped. Waitlist will shut down at first class,MW,3:30p - 4:59p,"Full, 20 Jan - 23 Apr",Huber,Huber,1.0,3:30p,Full,3.006,3.202,3.232,3.334,2.265,2.45,3.2775000000000003,3.4725
FNCE-7190,FNCE-7190‐001,International Financial Markets and Cryptocurrencies,Cannot be taken Pass/Fail.,TR,10:15a - 11:44a,"Full, 20 Jan - 23 Apr",Boualam,Boualam,1.0,10:15a,Full,2.457,2.703,2.931,2.548,2.39,2.59,3.02,2.79
FNCE-7250,FNCE-7250‐001,Fixed Income Securities,Cannot be taken Pass/Fail.,MW,8:30a - 9:59a,"Full, 20 Jan - 23 Apr",Dieckmann,Dieckmann,1.0,8:30a,Full,2.564,2.797,3.45,2.917,3.0021428571428572,3.448571428571428,3.3735714285714287,2.8964285714285714
FNCE-7310,FNCE-7310‐401,Global Valuation and Risk Analysis,Cannot be taken Pass/Fail.,MW,1:45p - 3:14p,"Full, 20 Jan - 23 Apr",Lewis,Lewis,1.0,1:45p,Full,2.895,3.063,2.992,3.194,2.467777777777778,2.558333333333333,2.6333333333333333,3.063888888888889
FNCE-7310,FNCE-7310‐402,Global Valuation and Risk Analysis,Cannot be taken Pass/Fail.,MW,3:30p - 4:59p,"Full, 20 Jan - 23 Apr",Lewis,Lewis,1.0,3:30p,Full,2.895,3.063,2.992,3.194,2.467777777777778,2.558333333333333,2.6333333333333333,3.063888888888889
FNCE-7320,FNCE-7320‐401,International Banking,Cannot be taken Pass/Fail.,MW,1:45p - 3:14p,"Full, 20 Jan - 23 Apr",Goldstein,Goldstein,1.0,1:45p,Full,2.823,3.031,2.666,2.571,2.6,3.0,2.49,2.47
FNCE-7320,FNCE-7320‐401,International Banking,Cannot be taken Pass/Fail.,MW,1:45p - 3:14p,"Full, 20 Jan - 23 Apr",Harris,Harris,1.0,1:45p,Full,2.823,3.031,2.666,2.571,2.6,2.75,2.49,2.47
FNCE-7380,FNCE-7380‐001,Capital Markets,Cannot be taken Pass/Fail.,MW,10:15a - 11:44a,"Full, 20 Jan - 23 Apr",Musto,Musto,1.0,10:15a,Full,2.517,2.505,2.567,2.459,2.5242105263157897,2.447894736842105,2.5497368421052626,2.4728947368421057
FNCE-7390,FNCE-7390‐001,Behavioral Finance,Cannot be taken Pass/Fail.,MW,3:30p - 4:59p,"Full, 20 Jan - 23 Apr",Guenzel,Guenzel,1.0,3:30p,Full,2.266,2.384,2.124,2.146,2.165,2.5300000000000002,2.12,2.1550000000000002
FNCE-7450,FNCE-7450‐401,Hedge Funds,Cannot be taken Pass/Fail.,M,3:30p - 6:29p,"Full, 20 Jan - 23 Apr",Yilmaz,Yilmaz,1.0,3:30p,Full,,,,,,,,
FNCE-7500,FNCE-7500‐001,Venture Capital and the Finance of Innovation,Cannot be taken Pass/Fail.,TR,8:30a - 9:59a,"Full, 20 Jan - 23 Apr",Zandberg,Zandberg,1.0,8:30a,Full,3.047,3.204,2.811,2.63,2.822,3.086,3.047,3.1069999999999998
FNCE-7500,FNCE-7500‐002,Venture Capital and the Finance of Innovation,Cannot be taken Pass/Fail.,TR,10:15a - 11:44a,"Full, 20 Jan - 23 Apr",Zandberg,Zandberg,1.0,10:15a,Full,3.047,3.204,2.811,2.63,2.822,3.086,3.047,3.1069999999999998
FNCE-7500,FNCE-7500‐003,Venture Capital and the Finance of Innovation,Cannot be taken Pass/Fail.,TR,1:45p - 3:14p,"Full, 20 Jan - 23 Apr",Zandberg,Zandberg,1.0,1:45p,Full,3.047,3.204,2.811,2.63,2.822,3.086,3.047,3.1069999999999998
FNCE-7510,FNCE-7510‐001,The Finance of Buyouts and Acquisitions,Cannot be taken Pass/Fail.,MW,10:15a - 11:44a,"Q1, 20 Jan - 2 Mar",Yilmaz,Yilmaz,0.5,10:15a,Q1,3.37,3.455,2.79,3.015,,,,
FNCE-7540,FNCE-7540‐001,ESG and Impact Investing,Cannot be taken Pass/Fail.,MW,1:45p - 3:14p,"Full, 20 Jan - 23 Apr",Geczy,Geczy,1.0,1:45p,Full,2.266,2.674,2.023,2.125,2.2659090909090907,2.6740909090909097,2.023181818181818,2.1245454545454545
FNCE-7570,FNCE-7570‐401,Foundations of Asset Pricing,Cannot be taken Pass/Fail.,MW,10:15a - 11:44a,"Full, 20 Jan - 23 Apr",Wachter,Wachter,1.0,10:15a,Full,2.8,3.1,3.89,2.78,2.8,3.1,3.89,2.78
FNCE-7610,FNCE-7610‐401BEPP-7610‐401OIDD-7610‐401,Climate Risks and Opportunities,Cannot be taken Pass/Fail.,MW,1:45p - 3:14p,"Full, 20 Jan - 23 Apr",Sastry,Sastry,1.0,1:45p,Full,,,,,,,,
FNCE-7610,FNCE-7610‐402BEPP-7610‐402OIDD-7610‐402,Climate Risks and Opportunities,Cannot be taken Pass/Fail.,MW,3:30p - 4:59p,"Full, 20 Jan - 23 Apr",Sastry,Sastry,1.0,3:30p,Full,,,,,,,,
FNCE-7680,FNCE-7680‐401,Trading Securities,Cannot be taken Pass/Fail.,MW,1:45p - 3:14p,"Full, 20 Jan - 23 Apr",Wachter,Wachter,1.0,1:45p,Full,,,,,,,,
FNCE-7830,FNCE-7830‐002,Strategic Equity Finance,Cannot be taken Pass/Fail.,TR,1:45p - 3:14p,"Q2, 16 Mar - 23 Apr",Musto,Musto,0.5,1:45p,Q2,3.039,3.01,2.545,2.619,3.0261538461538464,2.5715384615384616,2.5438461538461534,2.617692307692308
FNCE-7830,FNCE-7830‐002,Strategic Equity Finance,Cannot be taken Pass/Fail.,TR,1:45p - 3:14p,"Q2, 16 Mar - 23 Apr",Sweeney,Sweeney,0.5,1:45p,Q2,3.039,3.01,2.545,2.619,3.17,3.51,2.17,2.27
FNCE-8010,FNCE-8010‐001,Advanced Topics in Private Equity,Cannot be taken Pass/Fail.,T,5:15p - 8:14p,"Full, 20 Jan - 23 Apr",Bard,Bard,1.0,5:15p,Full,2.969,3.202,2.562,2.51,2.948,3.2379999999999995,2.5260000000000007,2.472
HCMG-8450,HCMG-8450‐001,US Payer and Provider Strategy,,T,3:30p - 6:29p,"Full, 20 Jan - 23 Apr",Fluegel,Fluegel,1.0,3:30p,Full,2.726,2.864,1.978,2.029,2.6166666666666667,2.829166666666667,1.9450000000000003,2.006666666666667
HCMG-8450,HCMG-8450‐001,US Payer and Provider Strategy,,T,3:30p - 6:29p,"Full, 20 Jan - 23 Apr",Gupta,Gupta,1.0,3:30p,Full,2.726,2.864,1.978,2.029,2.7271428571428578,2.6228571428571428,1.877142857142857,1.9614285714285713
HCMG-8630,HCMG-8630‐001,Management and Economics of Pharmaceutical and Biotech Industries,,MW,10:15a - 11:44a,"Full, 20 Jan - 23 Apr",Alpert,Alpert,1.0,10:15a,Full,2.92,2.974,2.109,2.17,3.1500000000000004,3.0387500000000003,1.98375,2.055
HCMG-8660,HCMG-8660‐001,The Digital Transformation of Health Care,,R,3:30p - 4:59p,"Full, 20 Jan - 23 Apr",Patel,Patel,0.5,3:30p,Full,2.361,2.812,1.585,1.695,2.4440000000000004,2.8869999999999996,1.539,1.6810000000000003
HCMG-8660,HCMG-8660‐001,The Digital Transformation of Health Care,,R,3:30p - 4:59p,"Full, 20 Jan - 23 Apr",Adusumalli,Adusumalli,0.5,3:30p,Full,2.361,2.812,1.585,1.695,2.6199999999999997,2.9466666666666668,1.5366666666666664,1.8366666666666667
HCMG-8680,HCMG-8680‐001,Private Sector Role in Global Health,,M,5:15p - 6:44p,"Full, 20 Jan - 23 Apr",Sammut,Sammut,0.5,5:15p,Full,2.626,2.847,1.613,1.858,2.62625,2.846875,1.6131250000000001,1.8574999999999995
HCMG-8740,HCMG-8740‐001,Building Value-Oriented Healthcare Services Companies,,W,3:30p - 6:29p,"Q1, 20 Jan - 2 Mar",Hayek,Hayek,0.5,3:30p,Q1,,,,,,,,
LGST-6110,LGST-6110‐001,Responsibility in Global Management,Cannot be taken Pass/Fail.,TR,8:30a - 9:59a,"Q1, 20 Jan - 2 Mar",Friedman,Friedman,0.5,8:30a,Q1,2.586,2.943,1.878,2.025,,,,
LGST-6110,LGST-6110‐002,Responsibility in Global Management,Cannot be taken Pass/Fail.,TR,8:30a - 9:59a,"Q2, 16 Mar - 23 Apr",Friedman,Friedman,0.5,8:30a,Q2,2.586,2.943,1.878,2.025,,,,
LGST-6120,LGST-6120‐001,Responsibility in Business,Cannot be taken Pass/Fail.,TR,8:30a - 9:59a,"Q1, 20 Jan - 2 Mar",Sarachan,Sarachan,0.5,8:30a,Q1,2.625,2.973,1.818,2.047,2.5168749999999998,2.82375,1.700625,2.0649999999999995
LGST-6120,LGST-6120‐002,Responsibility in Business,Cannot be taken Pass/Fail.,TR,8:30a - 9:59a,"Q2, 16 Mar - 23 Apr",Sarachan,Sarachan,0.5,8:30a,Q2,2.625,2.973,1.818,2.047,2.5168749999999998,2.82375,1.700625,2.0649999999999995
LGST-6120,LGST-6120‐003,Responsibility in Business,Cannot be taken Pass/Fail.,TR,10:15a - 11:44a,"Q1, 20 Jan - 2 Mar",Sarachan,Sarachan,0.5,10:15a,Q1,2.625,2.973,1.818,2.047,2.5168749999999998,2.82375,1.700625,2.0649999999999995
LGST-6120,LGST-6120‐004,Responsibility in Business,Cannot be taken Pass/Fail.,TR,10:15a - 11:44a,"Q2, 16 Mar - 23 Apr",Sarachan,Sarachan,0.5,10:15a,Q2,2.625,2.973,1.818,2.047,2.5168749999999998,2.82375,1.700625,2.0649999999999995
LGST-6120,LGST-6120‐005,Responsibility in Business,Cannot be taken Pass/Fail.,T,3:30p - 6:29p,"Q1, 20 Jan - 2 Mar",Shell,Shell,0.5,3:30p,Q1,2.625,2.973,1.818,2.047,3.1907692307692304,3.5046153846153842,2.0500000000000003,2.2861538461538458
LGST-6130,LGST-6130‐001,"Business, Social Responsibility, and the Environment",Cannot be taken Pass/Fail.,TR,10:15a - 11:44a,"Q1, 20 Jan - 2 Mar",Orts,Orts,0.5,10:15a,Q1,2.694,3.114,1.477,1.829,2.563125,2.94375,1.396875,1.7712500000000002
LGST-6130,LGST-6130‐002,"Business, Social Responsibility, and the Environment",Cannot be taken Pass/Fail.,TR,10:15a - 11:44a,"Q2, 16 Mar - 23 Apr",Orts,Orts,0.5,10:15a,Q2,2.694,3.114,1.477,1.829,2.563125,2.94375,1.396875,1.7712500000000002
LGST-6420,LGST-6420‐001,"Big Data, Big Responsibilities: Toward Accountable Artificial Intelligence",,TR,10:15a - 11:44a,"Q1, 20 Jan - 2 Mar",Werbach,Werbach,0.5,10:15a,Q1,3.25,3.72,1.8,2.12,3.25,3.72,1.8,2.12
LGST-6430,LGST-6430‐001,"Other People's Money: The Law, Politics, and History of Financial Institutions",,W,3:30p - 6:29p,"Full, 20 Jan - 23 Apr",Van Loo,Loo,1.0,3:30p,Full,3.303,3.436,2.276,2.581,,,,
LGST-6470,LGST-6470‐001,The Business and Governance of Water,,W,3:30p - 6:29p,"Full, 20 Jan - 23 Apr",Powelson,Powelson,1.0,3:30p,Full,2.02,2.22,0.97,1.19,,,,
LGST-8020,LGST-8020‐401,Law of Corporate Management and Finance,,TR,3:30p - 4:59p,"Full, 14 Jan - 29 Apr",Orts,Orts,1.0,3:30p,Full,3.289,3.519,2.413,2.411,2.978,3.2640000000000002,2.578,2.556
LGST-8050,LGST-8050‐401MKTG-7600‐401,Antitrust and Big Tech,,MW,8:30a - 9:59a,"Full, 14 Jan - 29 Apr",Hovenkamp,Hovenkamp,1.0,8:30a,Full,2.867,3.198,2.391,2.355,2.6233333333333335,2.9749999999999996,2.4999999999999996,1.9483333333333333
LGST-8060,LGST-8060‐406,Negotiations,Cannot be taken Pass/Fail.,T,3:30p - 6:29p,"Full, 20 Jan - 23 Apr",Bhatia,Bhatia,1.0,3:30p,Full,3.101,3.108,1.919,2.08,3.3247058823529407,3.3982352941176472,2.0423529411764707,2.2564705882352936
LGST-8060,LGST-8060‐407,Negotiations,Cannot be taken Pass/Fail.,MW,1:45p - 3:14p,"Full, 20 Jan - 23 Apr",Max,Max,1.0,1:45p,Full,3.101,3.108,1.919,2.08,3.0661363636363634,3.090227272727273,1.755,2.1709090909090905
LGST-8060,LGST-8060‐409,Negotiations,Cannot be taken Pass/Fail.,MW,3:30p - 4:59p,"Full, 20 Jan - 23 Apr",Max,Max,1.0,3:30p,Full,3.101,3.108,1.919,2.08,3.0661363636363634,3.090227272727273,1.755,2.1709090909090905
LGST-8080,LGST-8080‐401,Employment Law,,M,3:30p - 6:29p,"Full, 14 Jan - 29 Apr",Castaldo,Castaldo,1.0,3:30p,Full,3.387,3.42,1.673,1.813,3.37,3.4349999999999996,1.5699999999999998,1.47
LGST-8090,LGST-8090‐401MGMT-8150‐401,Sports Business Management,Cannot be taken Pass/Fail.,MW,1:45p - 3:14p,"Full, 20 Jan - 23 Apr",Digisi,Digisi,1.0,1:45p,Full,2.708,2.982,1.77,1.741,2.9877777777777776,3.182222222222222,1.8966666666666667,2.017777777777778
LGST-8130,LGST-8130‐001,Legal and Transactional Aspects of Entrepreneurship,Cannot be taken Pass/Fail.,M,3:30p - 6:29p,"Full, 20 Jan - 23 Apr",Borghese,Borghese,1.0,3:30p,Full,3.343,3.466,2.674,2.351,3.486444444444444,3.596888888888889,2.722888888888889,2.3317777777777775
MGMT-6110,MGMT-6110‐001,Managing Established Enterprises,Cannot be taken Pass/Fail.,MW,8:30a - 9:59a,"Full, 20 Jan - 23 Apr",Macduffie,Macduffie,1.0,8:30a,Full,2.741,3.033,2.198,2.56,2.419583333333334,2.6274999999999995,2.1300000000000003,2.480416666666667
MGMT-6110,MGMT-6110‐001,Managing Established Enterprises,Cannot be taken Pass/Fail.,MW,8:30a - 9:59a,"Full, 20 Jan - 23 Apr",Pongeluppe,Pongeluppe,1.0,8:30a,Full,2.741,3.033,2.198,2.56,2.835,3.3122222222222226,1.987222222222223,2.423333333333334
MGMT-6110,MGMT-6110‐001,Managing Established Enterprises,Cannot be taken Pass/Fail.,MW,8:30a - 9:59a,"Full, 20 Jan - 23 Apr",Tranchero,Tranchero,1.0,8:30a,Full,2.741,3.033,2.198,2.56,3.3216666666666668,3.785,1.7283333333333335,1.985
MGMT-6110,MGMT-6110‐002,Managing Established Enterprises,Cannot be taken Pass/Fail.,MW,10:15a - 11:44a,"Full, 20 Jan - 23 Apr",Macduffie,Macduffie,1.0,10:15a,Full,2.741,3.033,2.198,2.56,2.419583333333334,2.6274999999999995,2.1300000000000003,2.480416666666667
MGMT-6110,MGMT-6110‐002,Managing Established Enterprises,Cannot be taken Pass/Fail.,MW,10:15a - 11:44a,"Full, 20 Jan - 23 Apr",Pongeluppe,Pongeluppe,1.0,10:15a,Full,2.741,3.033,2.198,2.56,2.835,3.3122222222222226,1.987222222222223,2.423333333333334
MGMT-6110,MGMT-6110‐002,Managing Established Enterprises,Cannot be taken Pass/Fail.,MW,10:15a - 11:44a,"Full, 20 Jan - 23 Apr",Tranchero,Tranchero,1.0,10:15a,Full,2.741,3.033,2.198,2.56,3.3216666666666668,3.785,1.7283333333333335,1.985
MGMT-6110,MGMT-6110‐003,Managing Established Enterprises,Cannot be taken Pass/Fail.,MW,1:45p - 3:14p,"Full, 20 Jan - 23 Apr",Macduffie,Macduffie,1.0,1:45p,Full,2.741,3.033,2.198,2.56,2.419583333333334,2.6274999999999995,2.1300000000000003,2.480416666666667
MGMT-6110,MGMT-6110‐003,Managing Established Enterprises,Cannot be taken Pass/Fail.,MW,1:45p - 3:14p,"Full, 20 Jan - 23 Apr",Pongeluppe,Pongeluppe,1.0,1:45p,Full,2.741,3.033,2.198,2.56,2.835,3.3122222222222226,1.987222222222223,2.423333333333334
MGMT-6110,MGMT-6110‐003,Managing Established Enterprises,Cannot be taken Pass/Fail.,MW,1:45p - 3:14p,"Full, 20 Jan - 23 Apr",Tranchero,Tranchero,1.0,1:45p,Full,2.741,3.033,2.198,2.56,3.3216666666666668,3.785,1.7283333333333335,1.985
MGMT-6120,MGMT-6120‐001,Management of Emerging Enterprises,Cannot be taken Pass/Fail.,TR,8:30a - 9:59a,"Full, 20 Jan - 23 Apr",Cameron,Cameron,1.0,8:30a,Full,2.619,2.938,2.082,2.41,2.4250000000000003,2.7716666666666665,1.9066666666666665,2.2216666666666662
MGMT-6120,MGMT-6120‐001,Management of Emerging Enterprises,Cannot be taken Pass/Fail.,TR,8:30a - 9:59a,"Full, 20 Jan - 23 Apr",Lee,Lee,1.0,8:30a,Full,2.619,2.938,2.082,2.41,2.573333333333333,2.7999999999999994,1.9516666666666662,2.415
MGMT-6120,MGMT-6120‐001,Management of Emerging Enterprises,Cannot be taken Pass/Fail.,TR,8:30a - 9:59a,"Full, 20 Jan - 23 Apr",Abrami,Abrami,1.0,8:30a,Full,2.619,2.938,2.082,2.41,,,,
MGMT-6120,MGMT-6120‐002,Management of Emerging Enterprises,Cannot be taken Pass/Fail.,TR,10:15a - 11:44a,"Full, 20 Jan - 23 Apr",Cameron,Cameron,1.0,10:15a,Full,2.619,2.938,2.082,2.41,2.4250000000000003,2.7716666666666665,1.9066666666666665,2.2216666666666662
MGMT-6120,MGMT-6120‐002,Management of Emerging Enterprises,Cannot be taken Pass/Fail.,TR,10:15a - 11:44a,"Full, 20 Jan - 23 Apr",Lee,Lee,1.0,10:15a,Full,2.619,2.938,2.082,2.41,2.573333333333333,2.7999999999999994,1.9516666666666662,2.415
MGMT-6120,MGMT-6120‐002,Management of Emerging Enterprises,Cannot be taken Pass/Fail.,TR,10:15a - 11:44a,"Full, 20 Jan - 23 Apr",Abrami,Abrami,1.0,10:15a,Full,2.619,2.938,2.082,2.41,,,,
MGMT-6120,MGMT-6120‐003,Management of Emerging Enterprises,Cannot be taken Pass/Fail.,TR,1:45p - 3:14p,"Full, 20 Jan - 23 Apr",Cameron,Cameron,1.0,1:45p,Full,2.619,2.938,2.082,2.41,2.4250000000000003,2.7716666666666665,1.9066666666666665,2.2216666666666662
MGMT-6120,MGMT-6120‐003,Management of Emerging Enterprises,Cannot be taken Pass/Fail.,TR,1:45p - 3:14p,"Full, 20 Jan - 23 Apr",Lee,Lee,1.0,1:45p,Full,2.619,2.938,2.082,2.41,2.573333333333333,2.7999999999999994,1.9516666666666662,2.415
MGMT-6120,MGMT-6120‐003,Management of Emerging Enterprises,Cannot be taken Pass/Fail.,TR,1:45p - 3:14p,"Full, 20 Jan - 23 Apr",Abrami,Abrami,1.0,1:45p,Full,2.619,2.938,2.082,2.41,,,,
MGMT-6250,MGMT-6250‐002,"Corporate Governance, Executive Compensation and the Board",Cannot be taken Pass/Fail.,MW,10:15a - 11:44a,"Q2, 16 Mar - 23 Apr",Mcdonnell,Mcdonnell,0.5,10:15a,Q2,3.01,3.331,1.743,1.971,3.084285714285715,3.4207142857142863,1.6907142857142854,1.932857142857143
MGMT-6250,MGMT-6250‐004,"Corporate Governance, Executive Compensation and the Board",Cannot be taken Pass/Fail.,MW,12:00p - 1:29p,"Q2, 16 Mar - 23 Apr",Mcdonnell,Mcdonnell,0.5,12:00p,Q2,3.01,3.331,1.743,1.971,3.084285714285715,3.4207142857142863,1.6907142857142854,1.932857142857143
MGMT-6710,MGMT-6710‐001,Executive Leadership,Cannot be taken Pass/Fail. First class attendance mandatory. Enrolled students who miss the first class will be automatically dropped. Waitlist will shut down at first class,MW,10:15a - 11:44a,"Q1, 20 Jan - 2 Mar",Parke,Parke,0.5,10:15a,Q1,3.553,3.673,2.383,3.037,3.66,3.89,1.52,1.95
MGMT-6910,MGMT-6910‐411,Negotiations,Cannot be taken Pass/Fail.,TR,10:15a - 11:44a,"Full, 20 Jan - 23 Apr",Herrmann,Herrmann,1.0,10:15a,Full,3.086,3.098,1.892,2.053,3.3120000000000003,3.46,1.7580000000000002,2.1399999999999997
MGMT-6910,MGMT-6910‐412,Negotiations,Cannot be taken Pass/Fail.,T,3:30p - 6:29p,"Full, 20 Jan - 23 Apr",Herrmann,Herrmann,1.0,3:30p,Full,3.086,3.098,1.892,2.053,3.3120000000000003,3.46,1.7580000000000002,2.1399999999999997
MGMT-6910,MGMT-6910‐413,Negotiations,Cannot be taken Pass/Fail.,TR,12:00p - 1:29p,"Full, 20 Jan - 23 Apr",Arnett,Arnett,1.0,12:00p,Full,3.086,3.098,1.892,2.053,3.0837499999999998,3.03875,1.7174999999999998,1.885
MGMT-6910,MGMT-6910‐414,Negotiations,Cannot be taken Pass/Fail.,TR,1:45p - 3:14p,"Full, 20 Jan - 23 Apr",Arnett,Arnett,1.0,1:45p,Full,3.086,3.098,1.892,2.053,3.0837499999999998,3.03875,1.7174999999999998,1.885
MGMT-7010,MGMT-7010‐001,Strategy and Competitive Advantage,Cannot be taken Pass/Fail.,MW,1:45p - 3:14p,"Q1, 20 Jan - 2 Mar",Christensen,Christensen,0.5,1:45p,Q1,3.201,3.381,2.599,2.776,3.0975,3.215,2.6175,2.8874999999999997
MGMT-7010,MGMT-7010‐002,Strategy and Competitive Advantage,Cannot be taken Pass/Fail.,MW,8:30a - 9:59a,"Q2, 16 Mar - 23 Apr",Christensen,Christensen,0.5,8:30a,Q2,3.201,3.381,2.599,2.776,3.0975,3.215,2.6175,2.8874999999999997
MGMT-7010,MGMT-7010‐003,Strategy and Competitive Advantage,Cannot be taken Pass/Fail.,MW,3:30p - 4:59p,"Q1, 20 Jan - 2 Mar",Christensen,Christensen,0.5,3:30p,Q1,3.201,3.381,2.599,2.776,3.0975,3.215,2.6175,2.8874999999999997
MGMT-7010,MGMT-7010‐004,Strategy and Competitive Advantage,Cannot be taken Pass/Fail.,MW,10:15a - 11:44a,"Q2, 16 Mar - 23 Apr",Christensen,Christensen,0.5,10:15a,Q2,3.201,3.381,2.599,2.776,3.0975,3.215,2.6175,2.8874999999999997
MGMT-7200,MGMT-7200‐001,Corporate Diplomacy,Cannot be taken Pass/Fail.,MW,1:45p - 3:14p,"Full, 20 Jan - 23 Apr",Henisz,Henisz,1.0,1:45p,Full,2.939,3.201,2.577,3.026,3.000666666666666,3.3079999999999994,2.664,3.082
MGMT-7210,MGMT-7210‐001,Corporate Development: Mergers and Acquisitions,Cannot be taken Pass/Fail. First class attendance mandatory. Enrolled students who miss the first class will be automatically dropped. Waitlist will shut down at first class,MW,8:30a - 9:59a,"Full, 20 Jan - 23 Apr",Nary,Nary,1.0,8:30a,Full,2.823,2.972,2.246,2.609,2.684,2.9110000000000005,1.892,2.142
MGMT-7210,MGMT-7210‐002,Corporate Development: Mergers and Acquisitions,Cannot be taken Pass/Fail. First class attendance mandatory. Enrolled students who miss the first class will be automatically dropped. Waitlist will shut down at first class,MW,10:15a - 11:44a,"Full, 20 Jan - 23 Apr",Nary,Nary,1.0,10:15a,Full,2.823,2.972,2.246,2.609,2.684,2.9110000000000005,1.892,2.142
MGMT-7280,MGMT-7280‐002,Navigating Difficult Conversations in Business and Beyond,Cannot be taken Pass/Fail. First class attendance mandatory. Enrolled students who miss the first class will be automatically dropped. Waitlist will shut down at first class,W,3:30p - 6:29p,"Q2, 16 Mar - 23 Apr",Klein,Klein,0.5,3:30p,Q2,2.97,3.21,1.84,1.88,2.97,3.21,1.84,1.88
MGMT-7290,MGMT-7290‐401LGST-7290‐401,Intellectual Property Strategy for the Innovation-Driven Enterprise,Cannot be taken Pass/Fail.,TR,10:15a - 11:44a,"Q1, 20 Jan - 2 Mar",Weiner,Weiner,0.5,10:15a,Q1,3.248,3.438,2.132,2.045,3.2475,3.4375,2.1325000000000003,2.045
MGMT-7310,MGMT-7310‐001,Technology Strategy,Cannot be taken Pass/Fail.,T,3:30p - 6:29p,"Full, 20 Jan - 23 Apr",Kapoor,Kapoor,1.0,3:30p,Full,2.727,2.926,2.036,2.333,2.844772727272727,2.999545454545455,2.1168181818181817,2.392045454545455
MGMT-7430,MGMT-7430‐001,Work and Technology: Choices and Outcomes,Cannot be taken Pass/Fail.,TR,12:00p - 1:29p,"Q1, 20 Jan - 2 Mar",Macduffie,Macduffie,0.5,12:00p,Q1,2.693,3.087,1.797,2.307,2.6933333333333334,3.0866666666666664,1.7966666666666669,2.3066666666666666
MGMT-7480,MGMT-7480‐001,How to Be the Boss,Cannot be taken Pass/Fail.,MW,1:45p - 3:14p,"Q1, 20 Jan - 2 Mar",Cappelli,Cappelli,0.5,1:45p,Q1,2.204,2.452,1.626,2.016,2.2039999999999997,2.452,1.626,2.016
MGMT-7640,MGMT-7640‐751,Tech in the SF Bay Area,Cannot be taken Pass/Fail. [BLOCK WEEK COURSE - LOCATION: SAN FRANCISCO] Attendance mandatory for all sessions. ADD DEADLINE: March 6 - 9:00AM PT. DROP DEADLINE: March 10 - 9:00 AM PT. Schedule: https://mba-inside.wharton.upenn.edu/academics/modularterms/,TBA,12:00a - 12:00a,"Modular, 7 Mar - 15 Mar",Rosenkopf,Rosenkopf,0.5,12:00a,Modular,,,,,,,,
MGMT-7820,MGMT-7820‐001,Strategic Implementation,Cannot be taken Pass/Fail.,MW,8:30a - 9:59a,"Full, 20 Jan - 23 Apr",Hasan,Hasan,1.0,8:30a,Full,2.588,2.923,2.018,2.265,,,,
MGMT-7820,MGMT-7820‐002,Strategic Implementation,Cannot be taken Pass/Fail.,MW,3:30p - 4:59p,"Full, 20 Jan - 23 Apr",Hasan,Hasan,1.0,3:30p,Full,2.588,2.923,2.018,2.265,,,,
MGMT-7860,MGMT-7860‐002,Reforming Mass Incarceration and the Role of Business,Cannot be taken Pass/Fail.,R,3:30p - 6:29p,"Q2, 16 Mar - 23 Apr",Phillips,Phillips,0.5,3:30p,Q2,3.087,2.917,1.463,2.22,3.0866666666666664,2.9166666666666665,1.4633333333333332,2.22
MGMT-7900,MGMT-7900‐001,WORKS Immersion (Prison Education),Prerequisite: MGMT 7860. Students who have not already completed MGMT 7860 will not be able to place utilities on MGMT 7900.,T,3:30p - 6:29p,"Full, 20 Jan - 23 Apr",Phillips,Phillips,1.0,3:30p,Full,3.92,3.5,1.44,2.89,3.92,3.5,1.44,2.89
MGMT-7940,MGMT-7940‐002,Understanding Careers and Executive Labor Markets,Cannot be taken Pass/Fail.,TR,10:15a - 11:44a,"Q2, 16 Mar - 23 Apr",Bidwell,Bidwell,0.5,10:15a,Q2,3.164,3.488,1.624,2.161,3.1635714285714287,3.4875,1.6239285714285718,2.1607142857142856
MGMT-7940,MGMT-7940‐004,Understanding Careers and Executive Labor Markets,Cannot be taken Pass/Fail.,TR,1:45p - 3:14p,"Q2, 16 Mar - 23 Apr",Bidwell,Bidwell,0.5,1:45p,Q2,3.164,3.488,1.624,2.161,3.1635714285714287,3.4875,1.6239285714285718,2.1607142857142856
MGMT-7940,MGMT-7940‐006,Understanding Careers and Executive Labor Markets,Cannot be taken Pass/Fail.,TR,3:30p - 4:59p,"Q2, 16 Mar - 23 Apr",Bidwell,Bidwell,0.5,3:30p,Q2,3.164,3.488,1.624,2.161,3.1635714285714287,3.4875,1.6239285714285718,2.1607142857142856
MGMT-8010,MGMT-8010‐001,Entrepreneurship,Cannot be taken Pass/Fail.,TR,10:15a - 11:44a,"Q1, 20 Jan - 2 Mar",Kim,Kim,0.5,10:15a,Q1,2.822,3.086,1.929,2.295,3.0426315789473684,3.3894736842105266,1.8484210526315787,2.238947368421053
MGMT-8010,MGMT-8010‐002,Entrepreneurship,Cannot be taken Pass/Fail. First class attendance mandatory. Enrolled students who miss the first class will be automatically dropped. Waitlist will shut down at first class,TR,10:15a - 11:44a,"Q2, 16 Mar - 23 Apr",Piezunka,Piezunka,0.5,10:15a,Q2,2.822,3.086,1.929,2.295,3.5825,3.82,1.7575,2.1174999999999997
MGMT-8010,MGMT-8010‐003,Entrepreneurship,Cannot be taken Pass/Fail.,TR,1:45p - 3:14p,"Q1, 20 Jan - 2 Mar",Kim,Kim,0.5,1:45p,Q1,2.822,3.086,1.929,2.295,3.0426315789473684,3.3894736842105266,1.8484210526315787,2.238947368421053
MGMT-8010,MGMT-8010‐004,Entrepreneurship,Cannot be taken Pass/Fail. First class attendance mandatory. Enrolled students who miss the first class will be automatically dropped. Waitlist will shut down at first class,TR,1:45p - 3:14p,"Q2, 16 Mar - 23 Apr",Piezunka,Piezunka,0.5,1:45p,Q2,2.822,3.086,1.929,2.295,3.5825,3.82,1.7575,2.1174999999999997
MGMT-8040,MGMT-8040‐001,Venture Capital and Entrepreneurial Management,Cannot be taken Pass/Fail.,MW,10:15a - 11:44a,"Q1, 20 Jan - 2 Mar",Sammut,Sammut,0.5,10:15a,Q1,2.701,2.542,2.607,2.896,2.595714285714286,2.697142857142857,2.5642857142857145,2.9928571428571424
MGMT-8040,MGMT-8040‐002,Venture Capital and Entrepreneurial Management,Cannot be taken Pass/Fail.,MW,10:15a - 11:44a,"Q2, 16 Mar - 23 Apr",Sammut,Sammut,0.5,10:15a,Q2,2.701,2.542,2.607,2.896,2.595714285714286,2.697142857142857,2.5642857142857145,2.9928571428571424
MGMT-8090,MGMT-8090‐001,Private Equity in Emerging Markets,Cannot be taken Pass/Fail.,MW,1:45p - 3:14p,"Q1, 20 Jan - 2 Mar",Tropper,Tropper,0.5,1:45p,Q1,2.692,2.877,2.077,2.434,2.6620000000000004,2.834,2.002,2.441
MGMT-8110,MGMT-8110‐001,Entrepreneurship Through Acquisition,Cannot be taken Pass/Fail.,MW,3:30p - 4:59p,"Q1, 20 Jan - 2 Mar",Chalfin,Chalfin,0.5,3:30p,Q1,2.587,2.845,2.016,2.122,2.586707317073169,2.845121951219512,2.015609756097562,2.1219512195121952
MGMT-8110,MGMT-8110‐002,Entrepreneurship Through Acquisition,Cannot be taken Pass/Fail.,MW,3:30p - 4:59p,"Q2, 16 Mar - 23 Apr",Chalfin,Chalfin,0.5,3:30p,Q2,2.587,2.845,2.016,2.122,2.586707317073169,2.845121951219512,2.015609756097562,2.1219512195121952
MGMT-8120,MGMT-8120‐001,Social Entrepreneurship,Cannot be taken Pass/Fail.,M,3:30p - 6:29p,"Q1, 20 Jan - 2 Mar",Thompson,Thompson,0.5,3:30p,Q1,2.052,2.33,1.648,2.143,2.15,2.56,1.7,2.23
MGMT-8140,MGMT-8140‐002,Search Fund Entrepreneurship,Cannot be taken Pass/Fail.,TR,12:00p - 1:29p,"Q2, 16 Mar - 23 Apr",Vesterman,Vesterman,0.5,12:00p,Q2,3.6,3.648,2.138,2.618,3.6,3.658,2.138,2.618
MGMT-8140,MGMT-8140‐002,Search Fund Entrepreneurship,Cannot be taken Pass/Fail.,TR,12:00p - 1:29p,"Q2, 16 Mar - 23 Apr",Zreik,Zreik,0.5,12:00p,Q2,3.6,3.648,2.138,2.618,3.6,3.6380000000000003,2.138,2.618
MGMT-8170,MGMT-8170‐001,Global Growth of Emerging Firms,Cannot be taken Pass/Fail.,TR,1:45p - 3:14p,"Full, 20 Jan - 23 Apr",Carlson,Carlson,1.0,1:45p,Full,2.803,3.267,1.473,1.783,2.8033333333333332,3.266666666666667,1.4733333333333334,1.7833333333333332
MGMT-8310,MGMT-8310‐402,Entrepreneurship Launchpad,Cannot be taken Pass/Fail.,TR,12:00p - 1:29p,"Q2, 16 Mar - 23 Apr",Wry,Wry,0.5,12:00p,Q2,2.8,3.28,2.42,3.095,2.89,3.38,2.31,3.08
MGMT-8330,MGMT-8330‐401,Strategies and Practices of Family-controlled Companies,Cannot be taken Pass/Fail.,MW,12:00p - 1:29p,"Q1, 20 Jan - 2 Mar",Sandu,Sandu,0.5,12:00p,Q1,3.031,3.221,1.826,2.238,,,,
MGMT-8750,MGMT-8750‐401,Comparative Capitalism,Cannot be taken Pass/Fail.,TR,12:00p - 1:29p,"Full, 14 Jan - 29 Apr",Orenstein,Orenstein,1.0,12:00p,Full,,,,,,,,
MKTG-6120,MKTG-6120‐001,Dynamic Marketing Strategy,Cannot be taken Pass/Fail.,MW,8:30a - 9:59a,"Q1, 20 Jan - 2 Mar",Bradlow,Bradlow,0.5,8:30a,Q1,2.802,3.123,2.296,2.305,3.229545454545456,3.610909090909091,2.487272727272727,2.456818181818181
MKTG-6120,MKTG-6120‐003,Dynamic Marketing Strategy,Cannot be taken Pass/Fail.,MW,10:15a - 11:44a,"Q1, 20 Jan - 2 Mar",Bradlow,Bradlow,0.5,10:15a,Q1,2.802,3.123,2.296,2.305,3.229545454545456,3.610909090909091,2.487272727272727,2.456818181818181
MKTG-6120,MKTG-6120‐005,Dynamic Marketing Strategy,Cannot be taken Pass/Fail.,TR,8:30a - 9:59a,"Q1, 20 Jan - 2 Mar",Bradlow,Bradlow,0.5,8:30a,Q1,2.802,3.123,2.296,2.305,3.229545454545456,3.610909090909091,2.487272727272727,2.456818181818181
MKTG-6120,MKTG-6120‐007,Dynamic Marketing Strategy,Cannot be taken Pass/Fail.,TR,10:15a - 11:44a,"Q1, 20 Jan - 2 Mar",Bradlow,Bradlow,0.5,10:15a,Q1,2.802,3.123,2.296,2.305,3.229545454545456,3.610909090909091,2.487272727272727,2.456818181818181
MKTG-6130,MKTG-6130‐001,Strategic Marketing Simulation,"Cannot be taken Pass/Fail. This course meets on Friday and Saturday for two weekends: February 20, 21, 27 and 28, 2026. Last day to add/drop February 13, 2026 at 11:59PM ET. Any de-enrollment after may result in a ""W"" on transcript: email mbaprogram@wharton.upenn.edu",FS,12:00a - 12:00a,"Modular, 20 Feb - 28 Feb",Meyer,Meyer,0.5,12:00a,Modular,2.975,3.157,2.441,2.643,2.78125,2.9825,2.2475,2.56125
MKTG-6130,MKTG-6130‐002,Strategic Marketing Simulation,"Cannot be taken Pass/Fail. This course meets on Friday and Saturday for two weekends: March 20, 21, 27 and 28, 2026. Last day to add/drop March 13, 2025 at 11:59PM ET. Any de-enrollment after may result in a ""W"" on transcript: email mbaprogram@wharton.upenn.edu",FS,12:00a - 12:00a,"Modular, 20 Mar - 28 Mar",Meyer,Meyer,0.5,12:00a,Modular,2.975,3.157,2.441,2.643,2.78125,2.9825,2.2475,2.56125
MKTG-6130,MKTG-6130‐003,Strategic Marketing Simulation,"Cannot be taken Pass/Fail. This course meets on Friday and Saturday for two weekends: February 20, 21, 27 and 28, 2026. Last day to add/drop February 13, 2026 at 11:59PM ET. Any de-enrollment after may result in a ""W"" on transcript: email mbaprogram@wharton.upenn.edu",FS,12:00a - 12:00a,"Modular, 20 Feb - 28 Feb",Meyer,Meyer,0.5,12:00a,Modular,2.975,3.157,2.441,2.643,2.78125,2.9825,2.2475,2.56125
MKTG-6130,MKTG-6130‐004,Strategic Marketing Simulation,"Cannot be taken Pass/Fail. This course meets on Friday and Saturday for two weekends: March 20, 21, 27 and 28, 2026. Last day to add/drop March 13, 2025 at 11:59PM ET. Any de-enrollment after may result in a ""W"" on transcript: email mbaprogram@wharton.upenn.edu",FS,12:00a - 12:00a,"Modular, 20 Mar - 28 Mar",Meyer,Meyer,0.5,12:00a,Modular,2.975,3.157,2.441,2.643,2.78125,2.9825,2.2475,2.56125
MKTG-7120,MKTG-7120‐401MKTG-7120‐441,Data and Analysis for Marketing Decisions,Cannot be taken Pass/Fail.,MW,1:45p - 3:14p,"Full, 20 Jan - 23 Apr",Dew,Dew,1.0,1:45p,Full,2.73,2.918,2.332,2.325,3.47,3.7133333333333334,2.1,2.2566666666666664
MKTG-7120,MKTG-7120‐402MKTG-7120‐442,Data and Analysis for Marketing Decisions,Cannot be taken Pass/Fail.,MW,3:30p - 4:59p,"Full, 20 Jan - 23 Apr",Dew,Dew,1.0,3:30p,Full,2.73,2.918,2.332,2.325,3.47,3.7133333333333334,2.1,2.2566666666666664
MKTG-7270,MKTG-7270‐401MKTG-7270‐441,Analytics and AI in Digital Marketing and Social Media,,TR,10:15a - 11:44a,"Q1, 20 Jan - 2 Mar",Berman,Berman,0.5,10:15a,Q1,2.877,3.217,1.797,1.913,2.851818181818182,3.1845454545454546,2.0072727272727273,2.282727272727273
MKTG-7270,MKTG-7270‐403MKTG-7270‐443,Analytics and AI in Digital Marketing and Social Media,,TR,12:00p - 1:29p,"Q1, 20 Jan - 2 Mar",Berman,Berman,0.5,12:00p,Q1,2.877,3.217,1.797,1.913,2.851818181818182,3.1845454545454546,2.0072727272727273,2.282727272727273
MKTG-7390,MKTG-7390‐401,Visual Marketing,,MW,10:15a - 11:44a,"Full, 20 Jan - 23 Apr",Johnson,Johnson,1.0,10:15a,Full,2.836,3.084,1.716,1.818,2.836,2.996,1.716,1.818
MKTG-7390,MKTG-7390‐401,Visual Marketing,,MW,10:15a - 11:44a,"Full, 20 Jan - 23 Apr",Kahn,Kahn,1.0,10:15a,Full,2.836,3.084,1.716,1.818,2.836,3.1719999999999997,1.716,1.818
MKTG-7470,MKTG-7470‐002,Marketing Strategy for Technology Platforms,,MW,10:15a - 11:44a,"Q2, 16 Mar - 23 Apr",Yildirim,Yildirim,0.5,10:15a,Q2,2.56,2.749,1.507,1.88,2.5595,2.749,1.507,1.8800000000000001
MKTG-7470,MKTG-7470‐004,Marketing Strategy for Technology Platforms,,MW,12:00p - 1:29p,"Q2, 16 Mar - 23 Apr",Yildirim,Yildirim,0.5,12:00p,Q2,2.56,2.749,1.507,1.88,2.5595,2.749,1.507,1.8800000000000001
MKTG-7520,MKTG-7520‐402,Marketing Analytics,,MW,12:00p - 1:29p,"Q2, 16 Mar - 23 Apr",Eisenstein,Eisenstein,0.5,12:00p,Q2,2.63,3.035,2.66,2.37,2.63,3.035,2.66,2.37
MKTG-7540,MKTG-7540‐002,Pricing Policy,,TR,10:15a - 11:44a,"Q2, 16 Mar - 23 Apr",Zhang,Zhang,0.5,10:15a,Q2,2.929,3.149,2.357,2.532,2.6061111111111104,2.8655555555555554,1.888611111111111,1.9275
MKTG-7540,MKTG-7540‐004,Pricing Policy,Cannot be taken Pass/Fail.,MW,3:30p - 4:59p,"Q2, 16 Mar - 23 Apr",Raju,Raju,0.5,3:30p,Q2,2.929,3.149,2.357,2.532,3.3384848484848484,3.507575757575758,2.8739393939393945,3.2193939393939406
MKTG-7540,MKTG-7540‐402,Pricing Policy,,TR,8:30a - 9:59a,"Q2, 16 Mar - 23 Apr",Zhang,Zhang,0.5,8:30a,Q2,2.929,3.149,2.357,2.532,2.6061111111111104,2.8655555555555554,1.888611111111111,1.9275
MKTG-7680,MKTG-7680‐402,Contagious: How Things Catch On,,MW,10:15a - 11:44a,"Q2, 16 Mar - 23 Apr",Berger,Berger,0.5,10:15a,Q2,2.531,2.689,1.923,2.057,2.746666666666666,3.103333333333333,1.4433333333333334,1.8699999999999999
MKTG-7680,MKTG-7680‐404,Contagious: How Things Catch On,,MW,12:00p - 1:29p,"Q2, 16 Mar - 23 Apr",Berger,Berger,0.5,12:00p,Q2,2.531,2.689,1.923,2.057,2.746666666666666,3.103333333333333,1.4433333333333334,1.8699999999999999
MKTG-7680,MKTG-7680‐406,Contagious: How Things Catch On,,MW,1:45p - 3:14p,"Q2, 16 Mar - 23 Apr",Berger,Berger,0.5,1:45p,Q2,2.531,2.689,1.923,2.057,2.746666666666666,3.103333333333333,1.4433333333333334,1.8699999999999999
MKTG-7760,MKTG-7760‐401MKTG-7760‐441STAT-7760‐401STAT-7760‐441,Applied Probability Models in Marketing,,M,3:30p - 6:29p,"Full, 14 Jan - 29 Apr",Fader,Fader,1.0,3:30p,Full,3.559,3.741,3.809,3.701,3.5591999999999997,3.740599999999999,3.809199999999999,3.7008000000000005
MKTG-7760,MKTG-7760‐402MKTG-7760‐442STAT-7760‐402STAT-7760‐442,Applied Probability Models in Marketing,,T,3:30p - 6:29p,"Full, 14 Jan - 29 Apr",Fader,Fader,1.0,3:30p,Full,3.559,3.741,3.809,3.701,3.5591999999999997,3.740599999999999,3.809199999999999,3.7008000000000005
MKTG-7760,MKTG-7760‐403MKTG-7760‐443STAT-7760‐403STAT-7760‐443,Applied Probability Models in Marketing,,W,3:30p - 6:29p,"Full, 14 Jan - 29 Apr",Fader,Fader,1.0,3:30p,Full,3.559,3.741,3.809,3.701,3.5591999999999997,3.740599999999999,3.809199999999999,3.7008000000000005
MKTG-7780,MKTG-7780‐001,Strategic Brand Management,Cannot be taken Pass/Fail. First class attendance mandatory. Enrolled students who miss the first class will be automatically dropped. Waitlist will shut down at first class,TR,1:45p - 3:14p,"Full, 20 Jan - 23 Apr",Williams,Williams,1.0,1:45p,Full,2.917,3.189,1.874,2.274,3.251764705882353,3.545294117647058,1.9194117647058822,2.2970588235294116
MKTG-7790,MKTG-7790‐001,AI in Our Lives: The Behavioral Science of Autonomous Technology,Waitlist & Ability to Add will shut down before second class,MW,10:15a - 11:44a,"Q1, 20 Jan - 2 Mar",Puntoni,Puntoni,0.5,10:15a,Q1,2.882,3.242,1.548,1.792,2.8825,3.2425,1.5475,1.7925
MKTG-7790,MKTG-7790‐003,AI in Our Lives: The Behavioral Science of Autonomous Technology,Waitlist & Ability to Add will shut down before second class,MW,12:00p - 1:29p,"Q1, 20 Jan - 2 Mar",Puntoni,Puntoni,0.5,12:00p,Q1,2.882,3.242,1.548,1.792,2.8825,3.2425,1.5475,1.7925
MKTG-7790,MKTG-7790‐005,AI in Our Lives: The Behavioral Science of Autonomous Technology,Waitlist & Ability to Add will shut down before second class,MW,1:45p - 3:14p,"Q1, 20 Jan - 2 Mar",Puntoni,Puntoni,0.5,1:45p,Q1,2.882,3.242,1.548,1.792,2.8825,3.2425,1.5475,1.7925
MKTG-8060,MKTG-8060‐401,Retail Merchandising (Center Special Topic),Cannot be taken Pass/Fail.,M,3:30p - 6:29p,"Q1, 20 Jan - 2 Mar",Eshelman,Eshelman,0.5,3:30p,Q1,2.581,2.807,1.75,1.831,2.78,3.0316666666666663,1.83,1.8383333333333336
MKTG-8530,MKTG-8530‐701,BW: Advertising Management,Cannot be taken Pass/Fail. [BLOCK WEEK COURSE - LOCATION: PHILADELPHIA] Attendance mandatory for all sessions. ADD DEADLINE: March 6 - 9:00AM ET. DROP DEADLINE: March 10 - 9:00 AM ET. Schedule: https://mba-inside.wharton.upenn.edu/academics/modularterms/,TBA,12:00a - 12:00a,"Modular, 7 Mar - 15 Mar",Wilson,Wilson,0.5,12:00a,Modular,,,,,,,,
OIDD-5150,OIDD-5150‐401,Product Design,Cannot be taken Pass/Fail.,M,12:00p - 2:59p,"Full, 14 Jan - 29 Apr",Marcovitz,Marcovitz,1.0,12:00p,Full,2.852,2.978,1.787,2.451,2.8129999999999997,2.835,1.704,2.4405
OIDD-5150,OIDD-5150‐401,Product Design,Cannot be taken Pass/Fail.,M,12:00p - 2:59p,"Full, 14 Jan - 29 Apr",Ulrich,Ulrich,1.0,12:00p,Full,2.852,2.978,1.787,2.451,2.8268181818181812,2.855454545454545,1.7145454545454542,2.4140909090909095
OIDD-5150,OIDD-5150‐402,Product Design,Cannot be taken Pass/Fail.,W,12:00p - 2:59p,"Full, 14 Jan - 29 Apr",Marcovitz,Marcovitz,1.0,12:00p,Full,2.852,2.978,1.787,2.451,2.8129999999999997,2.835,1.704,2.4405
OIDD-5150,OIDD-5150‐402,Product Design,Cannot be taken Pass/Fail.,W,12:00p - 2:59p,"Full, 14 Jan - 29 Apr",Ulrich,Ulrich,1.0,12:00p,Full,2.852,2.978,1.787,2.451,2.8268181818181812,2.855454545454545,1.7145454545454542,2.4140909090909095
OIDD-5150,OIDD-5150‐403,Product Design,Cannot be taken Pass/Fail.,T,12:00p - 2:59p,"Full, 14 Jan - 29 Apr",Marcovitz,Marcovitz,1.0,12:00p,Full,2.852,2.978,1.787,2.451,2.8129999999999997,2.835,1.704,2.4405
OIDD-5150,OIDD-5150‐403,Product Design,Cannot be taken Pass/Fail.,T,12:00p - 2:59p,"Full, 14 Jan - 29 Apr",Ulrich,Ulrich,1.0,12:00p,Full,2.852,2.978,1.787,2.451,2.8268181818181812,2.855454545454545,1.7145454545454542,2.4140909090909095
OIDD-6120,OIDD-6120‐006,Business Analytics,Cannot be taken Pass/Fail.,TR,10:15a - 11:44a,"Q2, 16 Mar - 23 Apr",Savin,Savin,0.5,10:15a,Q2,2.685,2.902,2.682,2.566,2.7628571428571433,3.1539285714285716,2.3367857142857145,2.340357142857143
OIDD-6120,OIDD-6120‐008,Business Analytics,Cannot be taken Pass/Fail.,TR,1:45p - 3:14p,"Q2, 16 Mar - 23 Apr",Savin,Savin,0.5,1:45p,Q2,2.685,2.902,2.682,2.566,2.7628571428571433,3.1539285714285716,2.3367857142857145,2.340357142857143
OIDD-6130,OIDD-6130‐002,Online Business Models and the Information-Based Firm,Cannot be taken Pass/Fail.,TR,10:15a - 11:44a,"Q2, 16 Mar - 23 Apr",Rock,Rock,0.5,10:15a,Q2,2.066,2.366,2.01,2.01,2.6,2.8539999999999996,2.328,2.5060000000000002
OIDD-6130,OIDD-6130‐004,Online Business Models and the Information-Based Firm,Cannot be taken Pass/Fail.,TR,1:45p - 3:14p,"Q2, 16 Mar - 23 Apr",Rock,Rock,0.5,1:45p,Q2,2.066,2.366,2.01,2.01,2.6,2.8539999999999996,2.328,2.5060000000000002
OIDD-6130,OIDD-6130‐006,Online Business Models and the Information-Based Firm,Cannot be taken Pass/Fail.,TR,3:30p - 4:59p,"Q2, 16 Mar - 23 Apr",Rock,Rock,0.5,3:30p,Q2,2.066,2.366,2.01,2.01,2.6,2.8539999999999996,2.328,2.5060000000000002
OIDD-6150,OIDD-6150‐001,Operations Strategy,Cannot be taken Pass/Fail. First class attendance mandatory. Enrolled students who miss the first class will be automatically dropped. Waitlist will shut down at first class,MW,10:15a - 11:44a,"Q1, 20 Jan - 2 Mar",Veeraraghavan,Veeraraghavan,0.5,10:15a,Q1,2.973,3.279,2.654,2.502,2.980208333333333,3.289375,2.582708333333334,2.4445833333333336
OIDD-6150,OIDD-6150‐003,Operations Strategy,Cannot be taken Pass/Fail. First class attendance mandatory. Enrolled students who miss the first class will be automatically dropped. Waitlist will shut down at first class,MW,1:45p - 3:14p,"Q1, 20 Jan - 2 Mar",Veeraraghavan,Veeraraghavan,0.5,1:45p,Q1,2.973,3.279,2.654,2.502,2.980208333333333,3.289375,2.582708333333334,2.4445833333333336
OIDD-6150,OIDD-6150‐005,Operations Strategy,Cannot be taken Pass/Fail. First class attendance mandatory. Enrolled students who miss the first class will be automatically dropped. Waitlist will shut down at first class,TR,10:15a - 11:44a,"Q1, 20 Jan - 2 Mar",Veeraraghavan,Veeraraghavan,0.5,10:15a,Q1,2.973,3.279,2.654,2.502,2.980208333333333,3.289375,2.582708333333334,2.4445833333333336
OIDD-6150,OIDD-6150‐007,Operations Strategy,Cannot be taken Pass/Fail. First class attendance mandatory. Enrolled students who miss the first class will be automatically dropped. Waitlist will shut down at first class,TR,1:45p - 3:14p,"Q1, 20 Jan - 2 Mar",Veeraraghavan,Veeraraghavan,0.5,1:45p,Q1,2.973,3.279,2.654,2.502,2.980208333333333,3.289375,2.582708333333334,2.4445833333333336
OIDD-6360,OIDD-6360‐001,Scaling Operations: Linking Strategy and Execution,Cannot be taken Pass/Fail.,T,3:30p - 6:29p,"Full, 20 Jan - 23 Apr",Allon,Allon,1.0,3:30p,Full,3.563,3.741,2.739,2.847,3.5625806451612907,3.740967741935483,2.7387096774193544,2.8467741935483866
OIDD-6360,OIDD-6360‐002,Scaling Operations: Linking Strategy and Execution,Cannot be taken Pass/Fail.,W,3:30p - 6:29p,"Full, 20 Jan - 23 Apr",Allon,Allon,1.0,3:30p,Full,3.563,3.741,2.739,2.847,3.5625806451612907,3.740967741935483,2.7387096774193544,2.8467741935483866
OIDD-6630,OIDD-6630‐002,Databases for Analytics,Cannot be taken Pass/Fail.,T,3:30p - 6:29p,"Q2, 16 Mar - 23 Apr",Hitt,Hitt,0.5,3:30p,Q2,3.14,3.11,2.74,2.53,3.14,3.11,2.74,2.53
OIDD-6670,OIDD-6670‐003,"A.I., Business, and Society",Cannot be taken Pass/Fail.,MW,8:30a - 9:59a,"Q1, 20 Jan - 2 Mar",Meursault,Meursault,0.5,8:30a,Q1,3.105,3.378,1.828,1.762,2.87,3.15,1.79,1.69
OIDD-6670,OIDD-6670‐751,"BW: A.I Business, and Society",Cannot be taken Pass/Fail. [BLOCK WEEK COURSE - LOCATION: SAN FRANCISCO] Attendance mandatory for all sessions. ADD DEADLINE: March 6 - 9:00AM PT. DROP DEADLINE: March 10 - 9:00 AM PT. Schedule: https://mba-inside.wharton.upenn.edu/academics/modularterms/,TBA,12:00a - 12:00a,"Modular, 7 Mar - 15 Mar",Hosanagar,Hosanagar,0.5,12:00a,Modular,,,,,,,,
OIDD-6730,OIDD-6730‐001,Global Supply Chain Mgmt.,,TR,8:30a - 9:59a,"Q1, 20 Jan - 2 Mar",Gallino,Gallino,0.5,8:30a,Q1,2.753,2.781,1.848,2.114,3.0175,3.1475,1.71,2.0625
OIDD-6730,OIDD-6730‐003,Global Supply Chain Mgmt.,,TR,10:15a - 11:44a,"Q1, 20 Jan - 2 Mar",Gallino,Gallino,0.5,10:15a,Q1,2.753,2.781,1.848,2.114,3.0175,3.1475,1.71,2.0625
OIDD-6750,OIDD-6750‐001,Financial Services Management,Cannot be taken Pass/Fail.,MW,8:30a - 9:59a,"Q1, 14 Jan - 4 Mar",Harker,Harker,0.5,8:30a,Q1,,,,,,,,
OIDD-6750,OIDD-6750‐003,Financial Services Management,Cannot be taken Pass/Fail.,MW,10:15a - 11:44a,"Q1, 14 Jan - 4 Mar",Harker,Harker,0.5,10:15a,Q1,,,,,,,,
OIDD-6900,OIDD-6900‐401MGMT-6900‐401,Managerial Decision Making,Cannot be taken Pass/Fail.,TR,10:15a - 11:44a,"Full, 20 Jan - 23 Apr",Milkman,Milkman,1.0,10:15a,Full,3.025,3.283,1.825,2.151,3.094666666666667,3.4099999999999997,1.9833333333333334,2.2520000000000002
OIDD-6900,OIDD-6900‐402MGMT-6900‐402,Managerial Decision Making,Cannot be taken Pass/Fail.,TR,12:00p - 1:29p,"Full, 20 Jan - 23 Apr",Milkman,Milkman,1.0,12:00p,Full,3.025,3.283,1.825,2.151,3.094666666666667,3.4099999999999997,1.9833333333333334,2.2520000000000002
OIDD-6910,OIDD-6910‐401,Negotiations,Cannot be taken Pass/Fail.,MW,1:45p - 3:14p,"Full, 20 Jan - 23 Apr",Santoro,Santoro,1.0,1:45p,Full,3.215,3.246,1.929,2.173,,,,
OIDD-6910,OIDD-6910‐402,Negotiations,Cannot be taken Pass/Fail.,MW,3:30p - 4:59p,"Full, 20 Jan - 23 Apr",Santoro,Santoro,1.0,3:30p,Full,3.215,3.246,1.929,2.173,,,,
OIDD-6920,OIDD-6920‐701LGST-6920‐701MGMT-6920‐701,BW: Advanced Topics Negotiation,Cannot be taken Pass/Fail. [BLOCK WEEK COURSE - LOCATION: PHILADELPHIA] Attendance mandatory for all sessions. ADD DEADLINE: March 6 - 9:00AM ET. DROP DEADLINE: March 10 - 9:00 AM ET. Schedule: https://mba-inside.wharton.upenn.edu/academics/modularterms/,TBA,12:00a - 12:00a,"Modular, 7 Mar - 15 Mar",Schweitzer,Schweitzer,0.5,12:00a,Modular,,,,,,,,
OIDD-7050,OIDD-7050‐001,Leading With Grit: How to Inspire with Passion and Perseverance for Long-Term Goals,,W,3:30p - 6:29p,"Q1, 20 Jan - 2 Mar",Duckworth,Duckworth,0.5,3:30p,Q1,2.888,3.335,1.152,1.69,2.8875,3.335,1.1524999999999999,1.69
OIDD-7050,OIDD-7050‐003,Leading With Grit: How to Inspire with Passion and Perseverance for Long-Term Goals,,R,3:30p - 6:29p,"Q1, 20 Jan - 2 Mar",Duckworth,Duckworth,0.5,3:30p,Q1,2.888,3.335,1.152,1.69,2.8875,3.335,1.1524999999999999,1.69
REAL-7080,REAL-7080‐401BEPP-7080‐401,Housing Markets,,R,3:30p - 6:29p,"Full, 20 Jan - 23 Apr",Shertzer,Shertzer,1.0,3:30p,Full,3.143,3.379,3.012,2.557,,,,
REAL-7210,REAL-7210‐401FNCE-7210‐401,Real Estate Investment: Analysis and Financing,,TR,10:15a - 11:44a,"Full, 20 Jan - 23 Apr",Keys,Keys,1.0,10:15a,Full,2.851,2.958,2.888,2.88,3.1600000000000006,3.3614285714285708,2.907857142857143,2.8771428571428577
REAL-7210,REAL-7210‐402FNCE-7210‐402,Real Estate Investment: Analysis and Financing,,MW,10:15a - 11:44a,"Full, 20 Jan - 23 Apr",Sinai,Sinai,1.0,10:15a,Full,2.851,2.958,2.888,2.88,2.9070588235294115,3.0897058823529413,2.9776470588235298,2.9808823529411765
REAL-7240,REAL-7240‐401,Urban Real Estate Economics,Cannot be taken Pass/Fail.,TR,10:15a - 11:44a,"Full, 20 Jan - 23 Apr",Duranton,Duranton,1.0,10:15a,Full,2.39,2.545,1.94,1.84,,,,
REAL-8210,REAL-8210‐401,Real Estate Development,Cannot be taken Pass/Fail.,W,3:30p - 6:29p,"Full, 20 Jan - 23 Apr",Nakahara,Nakahara,1.0,3:30p,Full,3.344,3.504,3.332,3.462,3.626666666666667,3.8033333333333332,3.8066666666666666,3.9166666666666665
REAL-8210,REAL-8210‐401,Real Estate Development,Cannot be taken Pass/Fail.,W,3:30p - 6:29p,"Full, 20 Jan - 23 Apr",Moore,Moore,1.0,3:30p,Full,3.344,3.504,3.332,3.462,,,,
REAL-8210,REAL-8210‐401,Real Estate Development,Cannot be taken Pass/Fail.,W,3:30p - 6:29p,"Full, 20 Jan - 23 Apr",Dona,Dona,1.0,3:30p,Full,3.344,3.504,3.332,3.462,,,,
REAL-8360,REAL-8360‐401BEPP-8360‐401,International Housing Comparisons,,MW,12:00p - 1:29p,"Full, 20 Jan - 23 Apr",Wachter,Wachter,1.0,12:00p,Full,2.322,2.617,2.555,2.362,2.3216666666666663,2.6166666666666667,2.555,2.361666666666667
REAL-8400,REAL-8400‐401,Advanced Real Estate Investment and Analysis,Cannot be taken Pass/Fail.,M,3:30p - 6:29p,"Full, 20 Jan - 23 Apr",Sinai,Sinai,1.0,3:30p,Full,3.114,3.238,3.574,3.551,2.992222222222223,3.116666666666666,3.602222222222222,3.54
REAL-8700,REAL-8700‐001,Real Estate Data Analytics,,TR,1:45p - 3:14p,"Q1, 20 Jan - 2 Mar",Keys,Keys,0.5,1:45p,Q1,2.68,3.14,2.39,2.17,2.68,3.14,2.39,2.17
REAL-8750,REAL-8750‐401,Real Estate Disruptions,Cannot be taken Pass/Fail.,T,3:30p - 6:29p,"Full, 20 Jan - 23 Apr",Mack,Mack,1.0,3:30p,Full,2.352,2.371,2.13,2.232,2.3525,2.7199999999999998,2.13,2.2325
REAL-8750,REAL-8750‐401,Real Estate Disruptions,Cannot be taken Pass/Fail.,T,3:30p - 6:29p,"Full, 20 Jan - 23 Apr",Duranton,Duranton,1.0,3:30p,Full,2.352,2.371,2.13,2.232,2.3525,2.0225,2.13,2.2325
STAT-7050,STAT-7050‐001,Statistical Computing with R,,MW,3:30p - 4:59p,"Q1, 20 Jan - 2 Mar",Su,Su,0.5,3:30p,Q1,2.742,2.816,2.813,2.936,2.5380000000000003,2.398,2.63,2.794
STAT-7050,STAT-7050‐002,Statistical Computing with R,,MW,3:30p - 4:59p,"Q2, 16 Mar - 23 Apr",Su,Su,0.5,3:30p,Q2,2.742,2.816,2.813,2.936,2.5380000000000003,2.398,2.63,2.794
STAT-7100,STAT-7100‐002,Data Collection and Acquisition: Strategies and Platforms,,TR,10:15a - 11:44a,"Q2, 16 Mar - 23 Apr",Waterman,Waterman,0.5,10:15a,Q2,2.948,3.322,1.945,2.122,2.9475,3.3225000000000002,1.945,2.1224999999999996
STAT-7220,STAT-7220‐401,Predictive Analytics for Business,,MW,1:45p - 3:14p,"Q1, 20 Jan - 2 Mar",Waterman,Waterman,0.5,1:45p,Q1,2.954,3.147,2.756,2.641,3.2066666666666666,3.5293333333333328,2.8546666666666667,2.576
STAT-7230,STAT-7230‐401,Applied Machine Learning in Business,,TR,5:15p - 6:44p,"Full, 14 Jan - 29 Apr",Ding,Ding,1.0,5:15p,Full,,,,,,,,
STAT-7730,STAT-7730‐001,Data Science Using ChatGPT: Modern Statistical Methods,,TR,3:30p - 4:59p,"Full, 20 Jan - 23 Apr",Padmanabhan,Padmanabhan,1.0,3:30p,Full,2.83,3.19,2.74,2.41,2.83,3.19,2.74,2.41
STAT-7770,STAT-7770‐401,Introduction to Python for Data Science,,MW,1:45p - 3:14p,"Q1, 20 Jan - 2 Mar",Knox,Knox,0.5,1:45p,Q1,2.816,3.112,2.628,2.694,2.6333333333333333,2.93,3.186666666666667,3.17
STAT-7770,STAT-7770‐402,Introduction to Python for Data Science,,MW,1:45p - 3:14p,"Q2, 16 Mar - 23 Apr",Knox,Knox,0.5,1:45p,Q2,2.816,3.112,2.628,2.694,2.6333333333333333,2.93,3.186666666666667,3.17
WHCP-6160,WHCP-6160‐001,Management Communication,Cannot be taken Pass/Fail. Unlocked in Spring '26 for students in cohorts B/D/F/H/J/L. 1st-year students in these cohorts who have not enrolled in a WHCP section by the add/drop deadline of Jan. 26 will automatically be added to a section with capacity.,M,8:30a - 9:59a,"Full, 20 Jan - 23 Apr",Guiher,Guiher,0.5,8:30a,Full,,,,,,,,
WHCP-6160,WHCP-6160‐002,Management Communication,Cannot be taken Pass/Fail. Unlocked in Spring '26 for students in cohorts B/D/F/H/J/L. 1st-year students in these cohorts who have not enrolled in a WHCP section by the add/drop deadline of Jan. 26 will automatically be added to a section with capacity.,M,10:15a - 11:44a,"Full, 20 Jan - 23 Apr",Guiher,Guiher,0.5,10:15a,Full,,,,,,,,
WHCP-6160,WHCP-6160‐003,Management Communication,Cannot be taken Pass/Fail. Unlocked in Spring '26 for students in cohorts B/D/F/H/J/L. 1st-year students in these cohorts who have not enrolled in a WHCP section by the add/drop deadline of Jan. 26 will automatically be added to a section with capacity.,M,12:00p - 1:29p,"Full, 20 Jan - 23 Apr",Cleghorn,Cleghorn,0.5,12:00p,Full,,,,,,,,
WHCP-6160,WHCP-6160‐004,Management Communication,Cannot be taken Pass/Fail. Unlocked in Spring '26 for students in cohorts B/D/F/H/J/L. 1st-year students in these cohorts who have not enrolled in a WHCP section by the add/drop deadline of Jan. 26 will automatically be added to a section with capacity.,M,1:45p - 3:14p,"Full, 20 Jan - 23 Apr",Cleghorn,Cleghorn,0.5,1:45p,Full,,,,,,,,
WHCP-6160,WHCP-6160‐005,Management Communication,Cannot be taken Pass/Fail. Unlocked in Spring '26 for students in cohorts B/D/F/H/J/L. 1st-year students in these cohorts who have not enrolled in a WHCP section by the add/drop deadline of Jan. 26 will automatically be added to a section with capacity.,M,3:30p - 4:59p,"Full, 20 Jan - 23 Apr",Maia,Maia,0.5,3:30p,Full,,,,,,,,
WHCP-6160,WHCP-6160‐006,Management Communication,Cannot be taken Pass/Fail. Unlocked in Spring '26 for students in cohorts B/D/F/H/J/L. 1st-year students in these cohorts who have not enrolled in a WHCP section by the add/drop deadline of Jan. 26 will automatically be added to a section with capacity.,T,8:30a - 9:59a,"Full, 20 Jan - 23 Apr",Sheldon,Sheldon,0.5,8:30a,Full,,,,,,,,
WHCP-6160,WHCP-6160‐007,Management Communication,Cannot be taken Pass/Fail. Unlocked in Spring '26 for students in cohorts B/D/F/H/J/L. 1st-year students in these cohorts who have not enrolled in a WHCP section by the add/drop deadline of Jan. 26 will automatically be added to a section with capacity.,T,10:15a - 11:44a,"Full, 20 Jan - 23 Apr",Miller,Miller,0.5,10:15a,Full,,,,,,,,
WHCP-6160,WHCP-6160‐008,Management Communication,Cannot be taken Pass/Fail. Unlocked in Spring '26 for students in cohorts B/D/F/H/J/L. 1st-year students in these cohorts who have not enrolled in a WHCP section by the add/drop deadline of Jan. 26 will automatically be added to a section with capacity.,T,12:00p - 1:29p,"Full, 20 Jan - 23 Apr",Hayes,Hayes,0.5,12:00p,Full,,,,,,,,
WHCP-6160,WHCP-6160‐009,Management Communication,Cannot be taken Pass/Fail. Unlocked in Spring '26 for students in cohorts B/D/F/H/J/L. 1st-year students in these cohorts who have not enrolled in a WHCP section by the add/drop deadline of Jan. 26 will automatically be added to a section with capacity.,T,1:45p - 3:14p,"Full, 20 Jan - 23 Apr",Senior,Senior,0.5,1:45p,Full,,,,,,,,
WHCP-6160,WHCP-6160‐010,Management Communication,Cannot be taken Pass/Fail. Unlocked in Spring '26 for students in cohorts B/D/F/H/J/L. 1st-year students in these cohorts who have not enrolled in a WHCP section by the add/drop deadline of Jan. 26 will automatically be added to a section with capacity.,T,3:30p - 4:59p,"Full, 20 Jan - 23 Apr",Senior,Senior,0.5,3:30p,Full,,,,,,,,
WHCP-6160,WHCP-6160‐011,Management Communication,Cannot be taken Pass/Fail. Unlocked in Spring '26 for students in cohorts B/D/F/H/J/L. 1st-year students in these cohorts who have not enrolled in a WHCP section by the add/drop deadline of Jan. 26 will automatically be added to a section with capacity.,W,8:30a - 9:59a,"Full, 20 Jan - 23 Apr",Floyd,Floyd,0.5,8:30a,Full,,,,,,,,
WHCP-6160,WHCP-6160‐012,Management Communication,Cannot be taken Pass/Fail. Unlocked in Spring '26 for students in cohorts B/D/F/H/J/L. 1st-year students in these cohorts who have not enrolled in a WHCP section by the add/drop deadline of Jan. 26 will automatically be added to a section with capacity.,W,10:15a - 11:44a,"Full, 20 Jan - 23 Apr",Watson,Watson,0.5,10:15a,Full,,,,,,,,
WHCP-6160,WHCP-6160‐013,Management Communication,Cannot be taken Pass/Fail. Unlocked in Spring '26 for students in cohorts B/D/F/H/J/L. 1st-year students in these cohorts who have not enrolled in a WHCP section by the add/drop deadline of Jan. 26 will automatically be added to a section with capacity.,W,12:00p - 1:29p,"Full, 20 Jan - 23 Apr",Perry,Perry,0.5,12:00p,Full,,,,,,,,
WHCP-6160,WHCP-6160‐014,Management Communication,Cannot be taken Pass/Fail. Unlocked in Spring '26 for students in cohorts B/D/F/H/J/L. 1st-year students in these cohorts who have not enrolled in a WHCP section by the add/drop deadline of Jan. 26 will automatically be added to a section with capacity.,W,1:45p - 3:14p,"Full, 20 Jan - 23 Apr",Fitzgerald,Fitzgerald,0.5,1:45p,Full,,,,,,,,
WHCP-6160,WHCP-6160‐015,Management Communication,Cannot be taken Pass/Fail. Unlocked in Spring '26 for students in cohorts B/D/F/H/J/L. 1st-year students in these cohorts who have not enrolled in a WHCP section by the add/drop deadline of Jan. 26 will automatically be added to a section with capacity.,W,3:30p - 4:59p,"Full, 20 Jan - 23 Apr",Fitzgerald,Fitzgerald,0.5,3:30p,Full,,,,,,,,
WHCP-6160,WHCP-6160‐016,Management Communication,Cannot be taken Pass/Fail. Unlocked in Spring '26 for students in cohorts B/D/F/H/J/L. 1st-year students in these cohorts who have not enrolled in a WHCP section by the add/drop deadline of Jan. 26 will automatically be added to a section with capacity.,R,8:30a - 9:59a,"Full, 20 Jan - 23 Apr",Malone,Malone,0.5,8:30a,Full,,,,,,,,
WHCP-6160,WHCP-6160‐017,Management Communication,Cannot be taken Pass/Fail. Unlocked in Spring '26 for students in cohorts B/D/F/H/J/L. 1st-year students in these cohorts who have not enrolled in a WHCP section by the add/drop deadline of Jan. 26 will automatically be added to a section with capacity.,R,10:15a - 11:44a,"Full, 20 Jan - 23 Apr",Evans,Evans,0.5,10:15a,Full,,,,,,,,
WHCP-6160,WHCP-6160‐018,Management Communication,Cannot be taken Pass/Fail. Unlocked in Spring '26 for students in cohorts B/D/F/H/J/L. 1st-year students in these cohorts who have not enrolled in a WHCP section by the add/drop deadline of Jan. 26 will automatically be added to a section with capacity.,R,12:00p - 1:29p,"Full, 20 Jan - 23 Apr",Evans,Evans,0.5,12:00p,Full,,,,,,,,
WHCP-6160,WHCP-6160‐019,Management Communication,Cannot be taken Pass/Fail. Unlocked in Spring '26 for students in cohorts B/D/F/H/J/L. 1st-year students in these cohorts who have not enrolled in a WHCP section by the add/drop deadline of Jan. 26 will automatically be added to a section with capacity.,R,1:45p - 3:14p,"Full, 20 Jan - 23 Apr",Mourad,Mourad,0.5,1:45p,Full,,,,,,,,
WHCP-6160,WHCP-6160‐020,Management Communication,Cannot be taken Pass/Fail. Unlocked in Spring '26 for students in cohorts B/D/F/H/J/L. 1st-year students in these cohorts who have not enrolled in a WHCP section by the add/drop deadline of Jan. 26 will automatically be added to a section with capacity.,R,3:30p - 4:59p,"Full, 20 Jan - 23 Apr",Clemons,Clemons,0.5,3:30p,Full,,,,,,,,
WHCP-6160,WHCP-6160‐021,Management Communication,Cannot be taken Pass/Fail. Unlocked in Spring '26 for students in cohorts B/D/F/H/J/L. 1st-year students in these cohorts who have not enrolled in a WHCP section by the add/drop deadline of Jan. 26 will automatically be added to a section with capacity.,M,5:15p - 6:44p,"Full, 20 Jan - 23 Apr",Schmidt,Schmidt,0.5,5:15p,Full,,,,,,,,
WHCP-6160,WHCP-6160‐022,Management Communication,Cannot be taken Pass/Fail. Unlocked in Spring '26 for students in cohorts B/D/F/H/J/L. 1st-year students in these cohorts who have not enrolled in a WHCP section by the add/drop deadline of Jan. 26 will automatically be added to a section with capacity.,T,5:15p - 6:44p,"Full, 20 Jan - 23 Apr",Jacobo,Jacobo,0.5,5:15p,Full,,,,,,,,
WHCP-6160,WHCP-6160‐023,Management Communication,Cannot be taken Pass/Fail. Unlocked in Spring '26 for students in cohorts B/D/F/H/J/L. 1st-year students in these cohorts who have not enrolled in a WHCP section by the add/drop deadline of Jan. 26 will automatically be added to a section with capacity.,W,5:15p - 6:44p,"Full, 20 Jan - 23 Apr",Denehy,Denehy,0.5,5:15p,Full,,,,,,,,
WHCP-6160,WHCP-6160‐024,Management Communication,Cannot be taken Pass/Fail. Unlocked in Spring '26 for students in cohorts B/D/F/H/J/L. 1st-year students in these cohorts who have not enrolled in a WHCP section by the add/drop deadline of Jan. 26 will automatically be added to a section with capacity.,M,8:30a - 9:59a,"Full, 20 Jan - 23 Apr",Chen,Chen,0.5,8:30a,Full,,,,,,,,
WHCP-6180,WHCP-6180‐001,Entrepreneurial Communication,Cannot be taken Pass/Fail. Unlocked in Spring '26 for students in cohorts B/D/F/H/J/L. 1st-year students in these cohorts who have not enrolled in a WHCP section by the add/drop deadline of Jan. 26 will automatically be added to a section with capacity.,T,12:00p - 1:29p,"Full, 20 Jan - 23 Apr",Weiss,Weiss,0.5,12:00p,Full,,,,,,,,
WHCP-6180,WHCP-6180‐002,Entrepreneurial Communication,Cannot be taken Pass/Fail. Unlocked in Spring '26 for students in cohorts B/D/F/H/J/L. 1st-year students in these cohorts who have not enrolled in a WHCP section by the add/drop deadline of Jan. 26 will automatically be added to a section with capacity.,W,1:45p - 3:14p,"Full, 20 Jan - 23 Apr",Zod,Zod,0.5,1:45p,Full,,,,,,,,
WHCP-6180,WHCP-6180‐003,Entrepreneurial Communication,Cannot be taken Pass/Fail. Unlocked in Spring '26 for students in cohorts B/D/F/H/J/L. 1st-year students in these cohorts who have not enrolled in a WHCP section by the add/drop deadline of Jan. 26 will automatically be added to a section with capacity.,W,12:00p - 1:29p,"Full, 20 Jan - 23 Apr",Stolte,Stolte,0.5,12:00p,Full,,,,,,,,
